id,datovedt,distrikt,doklink
338457,19420602,Rønne,https://dokument.plandata.dk/20_1126652_APPROVED_1233745668109.pdf
565014,19470922,Rønne,https://dokument.plandata.dk/20_1126846_1686824222664.pdf
514397,19510713,Hasle,https://dokument.plandata.dk/20_1145782_APPROVED_1236867911645.pdf
609131,19550114,Rønne,https://dokument.plandata.dk/20_1129250_APPROVED_1234179187602.pdf
514354,19670123,Rønne,https://dokument.plandata.dk/20_1129310_1587989001942.pdf
426458,19671020,Svaneke,https://dokument.plandata.dk/20_1145832_APPROVED_1236870859289.pdf
482141,19700220,Allinge,https://dokument.plandata.dk/20_1128646_1593430320737.pdf
434643,19700727,Rønne,https://dokument.plandata.dk/20_1144722_APPROVED_1236770584607.pdf
433524,19700911,Allinge-Gudhjem,https://dokument.plandata.dk/20_1126646_APPROVED_1233745001156.pdf
338448,19701113,Hasle,https://dokument.plandata.dk/20_1126650_APPROVED_1233745386875.pdf
424089,19710113,Hasle,https://dokument.plandata.dk/20_1128635_APPROVED_1234170660094.pdf
435092,19710920,NA,https://dokument.plandata.dk/20_3013578_1440502272339.pdf
560373,19720228,Rønne,https://dokument.plandata.dk/20_1145069_APPROVED_1236779939899.pdf
435204,19731218,Rønne,https://dokument.plandata.dk/20_1145317_APPROVED_1287398679769.pdf
433290,19740123,Allinge-Gudhjem,https://dokument.plandata.dk/20_1126792_APPROVED_1233830322421.pdf
608640,19740612,Østermarie,https://dokument.plandata.dk/20_1129309_APPROVED_1234263419510.pdf
422896,19740701,Aakirkeby,https://dokument.plandata.dk/20_1126649_APPROVED_1233745014062.pdf
433622,19741014,NA,https://dokument.plandata.dk/20_3013577_1440501813761.pdf
338439,19750310,Rønne,https://dokument.plandata.dk/20_1145769_APPROVED_1236863413417.pdf
482132,19750514,Allinge-Sandvig,https://dokument.plandata.dk/20_1145764_1593430018835.pdf
435401,19750923,Rønne,https://dokument.plandata.dk/20_1145767_APPROVED_1357812584429.pdf
423003,19760121,Hasle,https://dokument.plandata.dk/20_1129308_APPROVED_1234263175965.pdf
426651,19760226,Aakirkeby,https://dokument.plandata.dk/20_1122520_APPROVED_1232365456375.pdf
338434,19760909,Nexø,https://dokument.plandata.dk/20_1128591_APPROVED_1234170058582.pdf
609332,19770707,Aakirkeby,https://dokument.plandata.dk/20_1126840_1508316754249.pdf
434398,19771205,Aakirkeby,https://dokument.plandata.dk/20_1122498_APPROVED_1232362578703.pdf
338431,19771219,Rønne,https://dokument.plandata.dk/20_1122635_APPROVED_1232447507000.pdf
421647,19780222,Allinge-Gudhjem,https://dokument.plandata.dk/20_1106295_APPROVED_1221133099411.pdf
591821,19780225,Aakirkeby,https://dokument.plandata.dk/20_1122524_1719917020266.pdf
433506,19780626,Rønne,https://dokument.plandata.dk/20_1122645_APPROVED_1232448894609.pdf
434599,19780911,Rønne,https://dokument.plandata.dk/20_1123059_APPROVED_1232535008062.pdf
562433,19780925,Aakirkeby,https://dokument.plandata.dk/20_1122532_APPROVED_1232369742437.pdf
422343,19780927,Hasle,https://dokument.plandata.dk/20_1145772_APPROVED_1236864088259.pdf
608639,19780927,Hasle,https://dokument.plandata.dk/20_1129305_APPROVED_1234262688390.pdf
338423,19790612,Nexø,https://dokument.plandata.dk/20_1122535_APPROVED_1232370569156.pdf
338422,19790612,Nexø,https://dokument.plandata.dk/20_1122492_APPROVED_1232360253406.pdf
426731,19790820,Aakirkeby,https://dokument.plandata.dk/20_1122512_APPROVED_1232363686218.pdf
435094,19790926,Allinge-Gudhjem,https://dokument.plandata.dk/20_1129623_APPROVED_1234267541890.pdf
433184,19790926,Hasle,https://dokument.plandata.dk/20_1145770_APPROVED_1236863680832.pdf
554838,19791015,Rønne,https://dokument.plandata.dk/20_1122541_1508320581960.pdf
514349,19791107,Hasle,https://dokument.plandata.dk/20_1126879_APPROVED_1233848913082.pdf
435119,19800225,Allinge-Gudhjem,https://dokument.plandata.dk/20_1145361_1514996833839.pdf
434534,19800423,Hasle,https://dokument.plandata.dk/20_1145773_APPROVED_1236864410907.pdf
498745,19800521,Hasle,https://dokument.plandata.dk/20_1126688_APPROVED_1233752188015.pdf
338412,19800811,Rønne,https://dokument.plandata.dk/20_1123123_APPROVED_1232636319312.pdf
375664,19800818,Aakirkeby,https://dokument.plandata.dk/20_1122533_APPROVED_1260965257738.pdf
338410,19800827,Allinge-Gudhjem,https://dokument.plandata.dk/20_1114751_APPROVED_1227608654875.pdf
442862,19801020,Aakirkeby,https://dokument.plandata.dk/20_1122590_1563259197065.pdf
421917,19801024,Hasle,https://dokument.plandata.dk/20_1145778_APPROVED_1236866193330.pdf
442245,19810225,Tejn,https://dokument.plandata.dk/20_1078510_1562655383673.pdf
425413,19810311,Allinge-Gudhjem,https://dokument.plandata.dk/20_1145458_APPROVED_1236860553709.pdf
433261,19810410,NA,https://dokument.plandata.dk/20_1122518_1440073834955.pdf
422424,19810930,Allinge-Gudhjem,https://dokument.plandata.dk/20_1122168_APPROVED_1232021193128.pdf
434235,19811216,Allinge-Gudhjem,https://dokument.plandata.dk/20_1145041_CANCELLED_1317646597093.pdf
434444,19820222,Rønne,https://dokument.plandata.dk/20_1123115_APPROVED_1232627071640.pdf
338401,19820324,Allinge-Gudhjem,https://dokument.plandata.dk/20_1128648_APPROVED_1234172296240.pdf
433665,19820609,Allinge-Gudhjem,https://dokument.plandata.dk/20_1106294_APPROVED_1221132716061.pdf
442875,19820622,Nexø,https://dokument.plandata.dk/20_1122515_APPROVED_1232364872500.pdf
433801,19830214,Rønne,https://dokument.plandata.dk/20_1123149_APPROVED_1292833464001.pdf
498582,19830412,Nexø,https://dokument.plandata.dk/20_1122617_APPROVED_1232445478171.pdf
426532,19831026,Allinge-Gudhjem,https://dokument.plandata.dk/20_1143976_APPROVED_1236259355848.pdf
425245,19831128,Rønne,https://dokument.plandata.dk/20_1124621_APPROVED_1232958991640.pdf
498533,19840515,Hasle,https://dokument.plandata.dk/20_1145815_APPROVED_1236870249320.pdf
338392,19840522,Nexø,https://dokument.plandata.dk/20_1122599_APPROVED_1232443170515.pdf
434487,19840625,Rønne,https://dokument.plandata.dk/20_1078123_APPROVED_1206701598004.pdf
433102,19850624,Rønne,https://dokument.plandata.dk/20_1124625_APPROVED_1232960024546.pdf
434585,19850624,Rønne,https://dokument.plandata.dk/20_1124623_APPROVED_1232959691984.pdf
425359,19850626,Hasle,https://dokument.plandata.dk/20_1145779_APPROVED_1310469808576.pdf
423430,19850826,Aakirkeby,https://dokument.plandata.dk/20_1122592_APPROVED_1232442074812.pdf
376502,19850829,Aakirkeby,https://dokument.plandata.dk/20_1122153_APPROVED_1232014570829.pdf
424034,19850930,Aakirkeby,https://dokument.plandata.dk/20_1122637_APPROVED_1232447925671.pdf
338384,19851209,Aakirkeby,https://dokument.plandata.dk/20_1122537_APPROVED_1232371359593.pdf
482834,19860127,Aakirkeby,https://dokument.plandata.dk/20_1123058_1594017593583.pdf
562412,19860526,Rønne,https://dokument.plandata.dk/20_1124711_APPROVED_1232977604750.pdf
514402,19860526,Rønne,https://dokument.plandata.dk/20_1124630_APPROVED_1232962599296.pdf
483053,19860820,Allinge-Gudhjem,https://dokument.plandata.dk/20_2836269_1594189064168.pdf
338379,19860910,Allinge-Gudhjem,https://dokument.plandata.dk/20_1144719_APPROVED_1236770263740.pdf
422708,19860910,Allinge-Gudhjem,https://dokument.plandata.dk/20_1114756_APPROVED_1227609712671.pdf
338378,19860930,Rønne,https://dokument.plandata.dk/20_1124714_APPROVED_1232978249312.pdf
434610,19861002,Aakirkeby,https://dokument.plandata.dk/20_1123062_APPROVED_1232535889859.pdf
433724,19861028,Nexø,https://dokument.plandata.dk/20_1122659_APPROVED_1232459526078.pdf
338375,19870114,Rønne,https://dokument.plandata.dk/20_1124831_APPROVED_1232981493679.pdf
421452,19870122,Nexø,https://dokument.plandata.dk/20_1123061_APPROVED_1232535220015.pdf
424113,19870331,Nexø,https://dokument.plandata.dk/20_1122665_APPROVED_1232461286656.pdf
375665,19870430,Aakirkeby,https://dokument.plandata.dk/20_1122620_APPROVED_1232446032093.pdf
562423,19870624,Hasle,https://dokument.plandata.dk/20_1145039_APPROVED_1236774567802.pdf
434492,19870711,Hasle,https://dokument.plandata.dk/20_1126690_APPROVED_1233753722406.pdf
433982,19870909,Allinge-Gudhjem,https://dokument.plandata.dk/20_1109527_APPROVED_1224572634994.pdf
595530,19871208,Nexø,https://dokument.plandata.dk/20_1123130_1727265939828.pdf
422433,19871208,Nexø,https://dokument.plandata.dk/20_1123125_APPROVED_1232636889906.pdf
338365,19880323,Hasle,https://dokument.plandata.dk/20_1129621_APPROVED_1234267240610.pdf
338366,19880323,Hasle,https://dokument.plandata.dk/20_1126689_APPROVED_1233752555640.pdf
338364,19880627,Rønne,https://dokument.plandata.dk/20_1124717_APPROVED_1232979769320.pdf
435031,19880701,Rønne,https://dokument.plandata.dk/20_1124837_APPROVED_1233044821953.pdf
376504,19880817,Allinge-Gudhjem,https://dokument.plandata.dk/20_1122169_APPROVED_1232021426169.pdf
338361,19880822,Rønne,https://dokument.plandata.dk/20_1124839_APPROVED_1233045194484.pdf
608638,19880929,Aakirkeby,https://dokument.plandata.dk/20_1123116_APPROVED_1232627096406.pdf
338359,19881013,Hasle,https://dokument.plandata.dk/20_1143963_APPROVED_1236250109616.pdf
432459,19881019,Allinge-Gudhjem,https://dokument.plandata.dk/20_1145527_APPROVED_1236860954198.pdf
433774,19881110,Nexø,https://dokument.plandata.dk/20_1124619_APPROVED_1232958117812.pdf
554839,19881128,Rønne,https://dokument.plandata.dk/20_1124847_APPROVED_1233046021359.pdf
421604,19881213,Nexø,https://dokument.plandata.dk/20_1123129_APPROVED_1232637470718.pdf
433595,19890214,Nexø,https://dokument.plandata.dk/20_1123146_APPROVED_1232699935710.pdf
591825,19890214,Nexø,https://dokument.plandata.dk/20_1122531_1719917527882.pdf
424148,19890315,Allinge-Gudhjem,https://dokument.plandata.dk/20_1109528_APPROVED_1224572991500.pdf
434591,19890522,Rønne,https://dokument.plandata.dk/20_1124854_APPROVED_1233050151906.pdf
338350,19890927,Allinge-Gudhjem,https://dokument.plandata.dk/20_1114736_APPROVED_1227605112625.pdf
435440,19891114,Nexø,https://dokument.plandata.dk/20_1123152_APPROVED_1232703883273.pdf
514339,19891115,Allinge-Gudhjem,https://dokument.plandata.dk/20_1145060_1563436276407.pdf
338347,19891127,Rønne,https://dokument.plandata.dk/20_1124896_APPROVED_1233061584468.pdf
433973,19900226,Rønne,https://dokument.plandata.dk/20_1124899_APPROVED_1233062125125.pdf
590753,19900508,Nexø,https://dokument.plandata.dk/20_1123111_APPROVED_1232624610828.pdf
433235,19900528,Rønne,https://dokument.plandata.dk/20_1124897_APPROVED_1233061806453.pdf
434247,19900607,Aakirkeby,https://dokument.plandata.dk/20_1123128_APPROVED_1232637228562.pdf
338343,19900730,Rønne,https://dokument.plandata.dk/20_1124898_APPROVED_1233061926515.pdf
338342,19900924,Rønne,https://dokument.plandata.dk/20_1124895_APPROVED_1233061321796.pdf
434341,19901009,Nexø,https://dokument.plandata.dk/20_1124618_APPROVED_1232957919703.pdf
431625,19910123,Hasle,https://dokument.plandata.dk/20_1126699_APPROVED_1233757524406.pdf
498579,19910225,Rønne,https://dokument.plandata.dk/20_1124902_APPROVED_1233062948390.pdf
434764,19910325,Rønne,https://dokument.plandata.dk/20_1124999_APPROVED_1233140597789.pdf
338339,19910325,Rønne,https://dokument.plandata.dk/20_1124994_APPROVED_1233139781882.pdf
338337,19910826,Rønne,https://dokument.plandata.dk/20_1124991_APPROVED_1233138840148.pdf
422557,19910924,Allinge-Gudhjem,https://dokument.plandata.dk/20_1078503_APPROVED_1207227201368.pdf
338335,19911015,Allinge-Gudhjem,https://dokument.plandata.dk/20_1114739_APPROVED_1227606240234.pdf
426630,19911028,Rønne,https://dokument.plandata.dk/20_1124889_APPROVED_1233051937265.pdf
434919,19911030,Hasle,https://dokument.plandata.dk/20_1126869_APPROVED_1233846478972.pdf
434985,19920325,Hasle,https://dokument.plandata.dk/20_1145056_APPROVED_1317648962156.pdf
338330,19920622,Rønne,https://dokument.plandata.dk/20_1124997_APPROVED_1233140389085.pdf
338329,19920626,Hasle,https://dokument.plandata.dk/20_1145059_APPROVED_1236778653260.pdf
514347,19920819,Allinge-Gudhjem,https://dokument.plandata.dk/20_1122160_1604046465771.pdf
562432,19920824,Rønne,https://dokument.plandata.dk/20_1124900_APPROVED_1233062327500.pdf
591817,19930629,Nexø,https://dokument.plandata.dk/20_1124622_1719916793801.pdf
426414,19940316,Allinge-Gudhjem,https://dokument.plandata.dk/20_1128649_APPROVED_1234172723612.pdf
433660,19940627,Rønne,https://dokument.plandata.dk/20_1125320_APPROVED_1233238457890.pdf
338324,19940913,Nexø,https://dokument.plandata.dk/20_1124624_APPROVED_1232959838062.pdf
421855,19950613,Nexø,https://dokument.plandata.dk/20_1124629_APPROVED_1232960745171.pdf
338320,19950823,Hasle,https://dokument.plandata.dk/20_1143977_APPROVED_1236259876913.pdf
591809,19950823,vang,https://dokument.plandata.dk/20_2840060_1719916051112.pdf
338319,19951010,Nexø,https://dokument.plandata.dk/20_1124712_APPROVED_1232977981015.pdf
433450,19951127,Rønne,https://dokument.plandata.dk/20_1125322_APPROVED_1257500347193.pdf
425052,19951220,Hasle,https://dokument.plandata.dk/20_1126741_APPROVED_1233823143078.pdf
338315,19960226,Rønne,https://dokument.plandata.dk/20_1126475_APPROVED_1233565545578.pdf
338316,19960226,Rønne,https://dokument.plandata.dk/20_1126474_APPROVED_1233564074265.pdf
415444,19960320,Allinge-Gudhjem,https://dokument.plandata.dk/20_1122276_1554281653058.pdf
338313,19960327,Hasle,https://dokument.plandata.dk/20_1143979_APPROVED_1236264851223.pdf
527181,19960629,Rønne,https://dokument.plandata.dk/20_1126479_APPROVED_1233566673937.pdf
338311,19960918,Allinge-Gudhjem,https://dokument.plandata.dk/20_1081901_APPROVED_1211190825862.pdf
425070,19970226,Hasle,https://dokument.plandata.dk/20_1129307_APPROVED_1234262926544.pdf
562426,19970319,Aakirkeby,https://dokument.plandata.dk/20_1123144_APPROVED_1366023518055.pdf
558338,19970416,Allinge,https://dokument.plandata.dk/20_1122277_APPROVED_1232094218329.pdf
338307,19970820,Allinge-Gudhjem,https://dokument.plandata.dk/20_1122165_APPROVED_1232020492693.pdf
338306,19971215,Rønne,https://dokument.plandata.dk/20_1126481_APPROVED_1233567308234.pdf
376730,19980106,Nexø,https://dokument.plandata.dk/20_1124713_APPROVED_1232977983859.pdf
338304,19980218,Allinge-Gudhjem,https://dokument.plandata.dk/20_1078547_APPROVED_1207301541355.pdf
591804,19980923,Hasle,https://dokument.plandata.dk/20_1122273_1719915673745.pdf
338301,19981123,Rønne,https://dokument.plandata.dk/20_1126484_APPROVED_1233568899828.pdf
527175,19981123,Rønne,https://dokument.plandata.dk/20_1126483_APPROVED_1233568657234.pdf
338300,19981125,Hasle,https://dokument.plandata.dk/20_1126870_APPROVED_1310469752607.pdf
338299,19990825,Rutsker,https://dokument.plandata.dk/20_1320084_1508315345309.pdf
434302,19990927,Rønne,https://dokument.plandata.dk/20_1126487_APPROVED_1233569944687.pdf
338297,19991109,Nexø,https://dokument.plandata.dk/20_1124715_APPROVED_1232978677062.pdf
338296,19991118,Aakirkeby,https://dokument.plandata.dk/20_1123150_APPROVED_1232702736445.pdf
422366,20000216,Allinge-Gudhjem,https://dokument.plandata.dk/20_1122167_APPROVED_1232020839575.pdf
434335,20000620,Aakirkeby,https://dokument.plandata.dk/20_1123148_APPROVED_1232701052570.pdf
527178,20010226,Rønne,https://dokument.plandata.dk/20_1145839_APPROVED_1236871371494.pdf
338292,20010326,Rønne,https://dokument.plandata.dk/20_1122278_APPROVED_1232094518061.pdf
435183,20010417,Nexø,https://dokument.plandata.dk/20_1124716_APPROVED_1232979343125.pdf
338290,20010423,Rønne,https://dokument.plandata.dk/20_1126492_APPROVED_1233578764265.pdf
442813,20010528,Rønne,https://dokument.plandata.dk/20_1126625_APPROVED_1233738890484.pdf
433069,20010614,Rønne,https://dokument.plandata.dk/20_1123151_APPROVED_1232703497304.pdf
338287,20010618,Allinge-Gudhjem,https://dokument.plandata.dk/20_1145068_APPROVED_1236779650016.pdf
338286,20010814,Nexø,https://dokument.plandata.dk/20_1124830_APPROVED_1232981275742.pdf
338285,20010814,Nexø,https://dokument.plandata.dk/20_1124836_APPROVED_1233044132468.pdf
433911,20010917,Rønne,https://dokument.plandata.dk/20_1126498_APPROVED_1233585309250.pdf
434712,20011220,Aakirkeby,https://dokument.plandata.dk/20_1122628_APPROVED_1232446988453.pdf
433730,20020128,Rønne,https://dokument.plandata.dk/20_1126633_APPROVED_1233740497718.pdf
595690,20020227,Hasle,https://dokument.plandata.dk/20_1122516_1727342956162.pdf
338281,20020620,Aakirkeby,https://dokument.plandata.dk/20_1123156_APPROVED_1232981206976.pdf
338280,20020620,Aakirkeby,https://dokument.plandata.dk/20_1123157_APPROVED_1232710397789.pdf
433164,20020624,Rønne,https://dokument.plandata.dk/20_1126635_APPROVED_1233740828328.pdf
338279,20020624,Rønne,https://dokument.plandata.dk/20_1126636_APPROVED_1233741011312.pdf
591830,20020710,Allinge-Gudhjem,https://dokument.plandata.dk/20_1143980_1719918163043.pdf
338276,20020710,Rutsker,https://dokument.plandata.dk/20_1320082_APPROVED_1259064793915.pdf
591813,20021008,Nexø,https://dokument.plandata.dk/20_1124844_1719916363881.pdf
426657,20021210,Nexø,https://dokument.plandata.dk/20_1124841_APPROVED_1233045470171.pdf
415432,20021210,Nexø,https://dokument.plandata.dk/20_1124850_1554278184778.pdf
433308,20021219,NA,https://dokument.plandata.dk/20_1123120_APPROVED_1232635886718.pdf
425061,20030626,Allinge-Gudhjem,https://dokument.plandata.dk/20_1128651_APPROVED_1234173347967.pdf
338270,20040422,Gudhjem,https://dokument.plandata.dk/20_1123147_APPROVED_1232700416945.pdf
562406,20040428,BRK,https://dokument.plandata.dk/20_1122660_APPROVED_1232460395015.pdf
562413,20040624,Rø,https://dokument.plandata.dk/20_1124848_APPROVED_1233046830328.pdf
338267,20041216,BRK,https://dokument.plandata.dk/20_1126499_APPROVED_1233586401734.pdf
338266,20050127,Rønne,https://dokument.plandata.dk/20_1125006_APPROVED_1233141164789.pdf
421747,20050428,NA,https://dokument.plandata.dk/20_1126755_APPROVED_1233825309031.pdf
425375,20050428,NA,https://dokument.plandata.dk/20_1126754_APPROVED_1233825243234.pdf
435141,20050630,NA,https://dokument.plandata.dk/20_3012075_1439889480477.pdf
433885,20050630,Rønne,https://dokument.plandata.dk/20_1126693_APPROVED_1233754409125.pdf
338261,20050825,NA,https://dokument.plandata.dk/20_1126685_APPROVED_1233751612218.pdf
423691,20050922,Aakirkeby,https://dokument.plandata.dk/20_1126764_APPROVED_1286196093996.pdf
431300,20060326,Rønne,https://dokument.plandata.dk/20_1126772_APPROVED_1233827984234.pdf
435180,20060328,Rønne,https://dokument.plandata.dk/20_1126777_APPROVED_1233828604500.pdf
591800,20060618,NA,https://dokument.plandata.dk/20_1124627_1719915202406.pdf
422987,20060831,Rønne,https://dokument.plandata.dk/20_1126855_APPROVED_1233840012843.pdf
429060,20061012,Rønne,https://dokument.plandata.dk/20_1126780_APPROVED_1365498161210.pdf
562404,20061012,NA,https://dokument.plandata.dk/20_1113123_APPROVED_1225890922508.pdf
433723,20061221,NA,https://dokument.plandata.dk/20_1113117_APPROVED_1225890436230.pdf
434149,20070830,Nexø,https://dokument.plandata.dk/20_1039914_APPROVED_1373274585153.pdf
423334,20070920,Gudhjem,https://dokument.plandata.dk/20_1122523_APPROVED_1232365670281.pdf
338252,20071011,NA,https://dokument.plandata.dk/20_1046360_APPROVED_1211183614828.pdf
609136,20071129,NA,https://dokument.plandata.dk/20_1052318_APPROVED_1198163032666.pdf
426603,20080124,NA,https://dokument.plandata.dk/20_1053622_APPROVED_1203500524584.pdf
556519,20080424,NA,https://dokument.plandata.dk/20_1053815_APPROVED_1213945949061.pdf
498772,20080529,NA,https://dokument.plandata.dk/20_1071438_APPROVED_1212569920839.pdf
562402,20080529,Gudhjem,https://dokument.plandata.dk/20_1053621_APPROVED_1294923898508.pdf
442867,20080828,Rutsker,https://dokument.plandata.dk/20_1062579_APPROVED_1220433012201.pdf
338244,20081218,Nexø,https://dokument.plandata.dk/20_1104516_APPROVED_1231411856394.pdf
434595,20090219,Svaneke,https://dokument.plandata.dk/20_1085615_APPROVED_1236691546841.pdf
433508,20090326,Rønne,https://dokument.plandata.dk/20_1117825_APPROVED_1238657909102.pdf
591835,20090430,Sandvig,https://dokument.plandata.dk/20_1115975_1719918428243.pdf
527166,20090827,NA,https://dokument.plandata.dk/20_1162823_APPROVED_1254820594997.pdf
434843,20091008,Rønne,https://dokument.plandata.dk/20_1183212_APPROVED_1257498087595.pdf
442885,20091126,Rønne,https://dokument.plandata.dk/20_1221437_APPROVED_1291372106345.pdf
338237,20100826,Rønne,https://dokument.plandata.dk/20_1359258_APPROVED_1283241287277.pdf
433227,20100923,Sandvig,https://dokument.plandata.dk/20_1359927_APPROVED_1285318788621.pdf
338234,20101014,Rønne,https://dokument.plandata.dk/20_1359952_APPROVED_1287742222260.pdf
423762,20101014,Rønne,https://dokument.plandata.dk/20_1360471_APPROVED_1287393904480.pdf
338232,20101125,Rønne,https://dokument.plandata.dk/20_1363685_APPROVED_1292833339939.pdf
433890,20101125,Rønne,https://dokument.plandata.dk/20_1363686_APPROVED_1293025841822.pdf
338229,20110127,Rønne,https://dokument.plandata.dk/20_1366993_APPROVED_1296485657115.pdf
425387,20110630,Bornholm,https://dokument.plandata.dk/20_1372408_APPROVED_1310464441173.pdf
422972,20110630,Hasle,https://dokument.plandata.dk/20_1374312_APPROVED_1310464808233.pdf
507278,20110630,Rønne,https://dokument.plandata.dk/20_1372406_1624622591645.pdf
434415,20110922,NA,https://dokument.plandata.dk/20_1374806_APPROVED_1317645543278.pdf
376578,20110922,Allinge,https://dokument.plandata.dk/20_1376257_APPROVED_1317646067084.pdf
433972,20110922,NA,https://dokument.plandata.dk/20_1376664_APPROVED_1317646127239.pdf
422470,20111013,Bornholm,https://dokument.plandata.dk/20_1372793_APPROVED_1321959130359.pdf
426425,20120301,Rønne,https://dokument.plandata.dk/20_1425422_APPROVED_1331037511473.pdf
338220,20120329,Rønne,https://dokument.plandata.dk/20_1456357_APPROVED_1334732497860.pdf
442796,20120426,Hasle,https://dokument.plandata.dk/20_1467088_APPROVED_1337085124936.pdf
338218,20121220,Rønne,https://dokument.plandata.dk/20_1482643_APPROVED_1357813563754.pdf
425075,20121220,NA,https://dokument.plandata.dk/20_1493171_APPROVED_1359552587456.pdf
433966,20130404,Rønne,https://dokument.plandata.dk/20_1793679_APPROVED_1365493048556.pdf
423216,20130404,Aakirkeby,https://dokument.plandata.dk/20_1793680_APPROVED_1365421294188.pdf
426580,20130627,Nexø,https://dokument.plandata.dk/20_2213981_APPROVED_1373274065459.pdf
338213,20130829,Allinge,https://dokument.plandata.dk/20_2117631_1382513508650.pdf
422651,20131010,NA,https://dokument.plandata.dk/20_1551862_1384508877427.pdf
434866,20131010,Nexø,https://dokument.plandata.dk/20_2534564_1384508915974.pdf
433111,20140327,NA,https://dokument.plandata.dk/20_2738255_1396509083190.pdf
434935,20140424,Rønne,https://dokument.plandata.dk/20_2746969_1398412540377.pdf
562425,20140522,NA,https://dokument.plandata.dk/20_2738254_1401193367661.pdf
527143,20140626,Allinge,https://dokument.plandata.dk/20_2860283_1404110936660.pdf
376579,20140626,Nexø,https://dokument.plandata.dk/20_2842730_1404111923581.pdf
423697,20140626,NA,https://dokument.plandata.dk/20_2842729_1404112469863.pdf
426579,20150226,Rønne,https://dokument.plandata.dk/20_2964970_1426147441507.pdf
434104,20150914,NA,https://dokument.plandata.dk/20_3003804_1442908870235.pdf
423130,20151119,NA,https://dokument.plandata.dk/20_3002226_1450342886363.pdf
338202,20151119,NA,https://dokument.plandata.dk/20_3010125_1448445092445.pdf
424408,20151217,Allinge,https://dokument.plandata.dk/20_2994614_1455181419155.pdf
558421,20160201,NA,https://dokument.plandata.dk/20_3015281_1455010443476.pdf
433496,20160225,NA,https://dokument.plandata.dk/20_3022499_1456474598128.pdf
338197,20160922,NA,https://dokument.plandata.dk/20_3156876_1476779644560.pdf
422244,20170109,NA,https://dokument.plandata.dk/20_3248200_1486378304037.pdf
423684,20170126,Svaneke,https://dokument.plandata.dk/20_3248198_1486462918688.pdf
426567,20170223,Snogebæk,https://dokument.plandata.dk/20_3248199_1494838823937.pdf
550572,20170330,NA,https://dokument.plandata.dk/20_3286519_1599549601962.pdf
338190,20170427,NA,https://dokument.plandata.dk/20_3288500_1493972137126.pdf
426576,20170921,NA,https://dokument.plandata.dk/20_3688839_1506931987243.pdf
433169,20170921,NA,https://dokument.plandata.dk/20_3699570_1506670080033.pdf
338186,20171012,NA,https://dokument.plandata.dk/20_3699571_1514996808328.pdf
372540,20181011,Øvrige Bornholm,https://dokument.plandata.dk/20_3826304_1540295184263.pdf
415020,20190220,Allinge,https://dokument.plandata.dk/20_9550580_1552472829876.pdf
521643,20190328,Nexø,https://dokument.plandata.dk/20_9548587_1640081209170.pdf
561376,20190627,Tejn,https://dokument.plandata.dk/20_9628755_1562923730109.pdf
451600,20190911,Svaneke,https://dokument.plandata.dk/20_9636965_1568291895561.pdf
457164,20191007,Rønne,https://dokument.plandata.dk/20_9654888_1572352790551.pdf
466579,20191010,Svaneke,https://dokument.plandata.dk/20_9639705_1578657313034.pdf
457156,20191010,Rønne,https://dokument.plandata.dk/20_9654909_1572352303179.pdf
463443,20191120,Rønne,https://dokument.plandata.dk/20_9680967_1576586198464.pdf
476534,20200311,Rønne,https://dokument.plandata.dk/20_9704477_1587983579219.pdf
523980,20200326,Øvrige Bornholm,https://dokument.plandata.dk/20_9698662_1643708856460.pdf
550399,20200626,Allinge,https://dokument.plandata.dk/20_9723640_1671098762530.pdf
590001,20200903,Rønne,https://dokument.plandata.dk/20_9732858_1718873928388.pdf
486810,20200909,Allinge,https://dokument.plandata.dk/20_9997579_1600075101634.pdf
546717,20200909,Øvrige Bornholm,https://dokument.plandata.dk/20_10053914_1601888564685.pdf
491929,20201008,Allinge,https://dokument.plandata.dk/20_10110210_1605856448946.pdf
499676,20210210,Svaneke,https://dokument.plandata.dk/20_10127761_1616593179375.pdf
502494,20210429,Øvrige Bornholm,https://dokument.plandata.dk/20_10493919_1620108897007.pdf
507174,20210624,Rønne,https://dokument.plandata.dk/20_10695238_1624600298843.pdf
520306,20211208,Nexø,https://dokument.plandata.dk/20_10820356_1639558062244.pdf
525110,20220216,Øvrige Bornholm,https://dokument.plandata.dk/20_10893825_1645084863459.pdf
529365,20220331,Øvrige Bornholm,https://dokument.plandata.dk/20_10914974_1649074699804.pdf
534752,20220428,Rønne,https://dokument.plandata.dk/20_10907131_1655197641974.pdf
535010,20220428,Rønne,https://dokument.plandata.dk/20_10914840_1655291872687.pdf
536742,20220627,Sandvig,https://dokument.plandata.dk/20_11016373_1656425704651.pdf
556735,20230208,Øvrige Bornholm,https://dokument.plandata.dk/20_10840513_1678102147648.pdf
609423,20230510,Rønne,https://dokument.plandata.dk/20_11131624_1684224014116.pdf
567351,20230629,NA,https://dokument.plandata.dk/20_11229479_1688461737240.pdf
576538,20231130,Rønne,https://dokument.plandata.dk/20_11252157_1701411399247.pdf
577608,20231213,Rønne,https://dokument.plandata.dk/20_11271407_1702626205321.pdf
585789,20240319,NA,https://dokument.plandata.dk/20_11291436_1713525202163.pdf
597345,20241010,Øvrige Bornholm,https://dokument.plandata.dk/20_11307786_1728632806405.pdf
614333,20250430,Sandvig,https://dokument.plandata.dk/20_11183681_1746696863617.pdf
616331,20250522,NA,https://dokument.plandata.dk/20_11234628_1748349626176.pdf
642416,20251009,Allinge,https://dokument.plandata.dk/20_11926539_1761034949396.pdf
646587,20251127,Sandvig,https://dokument.plandata.dk/20_11926884_1765531242859.pdf
647850,20251218,Øvrige Bornholm,https://dokument.plandata.dk/20_12117365_1766131662844.pdf
